Target,Virus,siRNA,Replicate,Technical_Replicate_qPCR,IFNB,HA,NELFB,L32
IFNB,WSN-NS1stop,NTC,1,1,22.25961868,15.7629788,24.3439372,22.38844926
IFNB,WSN-NS1stop,NTC,1,2,22.32270815,15.44418939,24.19438511,22.24413678
IFNB,WSN-NS1stop,NTC,2,1,21.83579373,15.43839098,23.80526143,22.0070161
IFNB,WSN-NS1stop,NTC,2,2,21.84297387,15.27467682,23.9991171,21.89124563
IFNB,WSN-NS1stop,NTC,3,1,22.08757795,15.50036255,24.24241856,22.20371482
IFNB,WSN-NS1stop,NTC,3,2,22.01344824,15.47487778,24.14965796,22.02115757
IFNB,WSN-NS1stop,NTC,4,1,22.30926448,15.67327705,24.18473251,22.2089455
IFNB,WSN-NS1stop,NTC,4,2,22.19316784,15.57523858,24.09655389,22.04107424
IFNB,WSN-NS1stop,NELFB-1,1,1,18.3267338,12.85020793,29.01150486,22.28385495
IFNB,WSN-NS1stop,NELFB-1,1,2,18.27725946,13.11749618,28.90601873,22.02843908
IFNB,WSN-NS1stop,NELFB-1,2,1,18.20105455,12.77970212,28.40086113,22.17372933
IFNB,WSN-NS1stop,NELFB-1,2,2,18.20309884,12.77218029,27.81095883,22.10282204
IFNB,WSN-NS1stop,NELFB-1,3,1,18.86603254,13.45877703,28.29271598,22.22447237
IFNB,WSN-NS1stop,NELFB-1,3,2,18.82587913,13.48755582,28.23651044,22.18866485
IFNB,WSN-NS1stop,NELFB-1,4,1,18.77644718,13.60220574,27.92538318,22.06606586
IFNB,WSN-NS1stop,NELFB-1,4,2,18.81592437,13.77227005,27.89268008,22.13944841
IFNB,WSN_PR8-NS1stop,NTC,1,1,23.65764782,17.79567294,24.40075333,22.20842296
IFNB,WSN_PR8-NS1stop,NTC,1,2,23.68413179,17.75864601,24.37379037,22.1666911
IFNB,WSN_PR8-NS1stop,NTC,2,1,22.71372463,17.3326941,24.13215506,22.04266351
IFNB,WSN_PR8-NS1stop,NTC,2,2,22.63257465,17.35392579,24.06706433,22.06204887
IFNB,WSN_PR8-NS1stop,NTC,3,1,26.10949091,19.31442155,23.86981065,22.415988
IFNB,WSN_PR8-NS1stop,NTC,3,2,26.00482148,19.1954535,23.90255106,22.38689255
IFNB,WSN_PR8-NS1stop,NTC,4,1,23.49287914,17.8858187,23.71336446,21.94380563
IFNB,WSN_PR8-NS1stop,NTC,4,2,23.43422325,17.9877861,23.81100827,22.10316236
IFNB,WSN_PR8-NS1stop,NELFB-1,1,1,18.95449979,15.47714072,28.00012576,22.24790753
IFNB,WSN_PR8-NS1stop,NELFB-1,1,2,18.96092699,15.25831188,28.33067924,22.38755556
IFNB,WSN_PR8-NS1stop,NELFB-1,2,1,18.90400195,15.24159441,27.597265,22.07558029
IFNB,WSN_PR8-NS1stop,NELFB-1,2,2,18.99613064,15.33661808,27.93161333,21.97022684
IFNB,WSN_PR8-NS1stop,NELFB-1,3,1,20.15434218,15.70739982,27.73581579,22.19919093
IFNB,WSN_PR8-NS1stop,NELFB-1,3,2,20.22649768,16.06526113,28.02684009,22.01987618
IFNB,WSN_PR8-NS1stop,NELFB-1,4,1,20.00130957,15.49733925,28.1389072,22.05181054
IFNB,WSN_PR8-NS1stop,NELFB-1,4,2,19.91463636,15.58009048,28.3155755,22.0585219
